Model,Class,Handicap,Open,18,15,Std,Club,Double
EB 29R,Open,126,x,,,,,
EB 29 (900 kg),Open,125,,,,,,
EB 29DR,Open,125,x,,,,,
JS5,Open,125,x,,,,,
AS 35 Mi 20m,Open,124,x,,,,,
EB 29 (850 kg),Open,124,x,,,,,
JS1C 21m,Open,124,x,,,,,
JS1C TJ 21m,Open,124,x,,,,,
JS2 21m,Open,124,x,,,,,
Antares 23E,Open,123,x,,,,,
Antares 23T,Open,123,x,,,,,
EB 29D (850 kg),Open,123,x,,,,,
Nixus,Open,123,x,,,,,
Quintus,Open,123,x,,,,,
ASH 31 Mi 21m,Open,122,x,,,,,
EB 28,Open,122,x,,,,,
EB 28 edition,Open,122,x,,,,,
NimEta X,Open,122,x,,,,,
Antares 20E/21,Open,121,x,,,,,
Antares 21E,Open,121,x,,,,,
ASH 30 Mi,Open,121,x,,,,,
ASW 22 BLE (850 kg),Open,121,x,,,,,
Eta,Open,121,x,,,,,
Nimbus 4M (850 kg),Open,121,x,,,,,
Nimbus 4T (850 kg),Open,121,x,,,,,
Antares 20E,Open,120,x,,,,,
AS 33 18m,18,120,x,x,,,,
AS 33 Es 18m,18,120,x,x,,,,
AS 33 Me 18m,18,120,x,x,,,,
ASH 25 EB 28,Open,120,x,,,,,
ASW 22 BLE (810 kg),Open,120,x,,,,,
Diana-3,18,120,x,x,,,,
JS3 18m,18,120,x,x,,,,
JS3 RES 18m,18,120,x,x,,,,
JS3 TJ 18m,18,120,x,x,,,,
LAK-17B 21m,Open,120,x,,,,,
LAK-17B T 21m,Open,120,x,,,,,
Nimbus 4M (800 kg),Open,120,x,,,,,
Nimbus 4T (800 kg),Open,120,x,,,,,
Ventus 3 Sport 18m,18,120,x,x,,,,
Ventus 3E Sport 18m,18,120,x,x,,,,
Ventus 3T Sport 18m,18,120,x,x,,,,
AS 35 Mi 18m,18,119,x,x,,,,
ASG 29 18m,18,119,x,x,,,,
ASG 29 E 18m,18,119,x,x,,,,
ASG 29 Es 18m,18,119,x,x,,,,
ASG 29 RES 18m,18,119,x,x,,,,
ASH 25 M >= 26m,Open,119,x,,,,,
ASH 25 Mi >= 26m (790 kg),Open,119,x,,,,,
ASW 22 BE (810 kg),Open,119,x,,,,,
ASW 22 BL (750 kg),Open,119,x,,,,,
Diana-3 FES,18,119,x,x,,,,
JS1 18m,18,119,x,x,,,,
JS1 TJ 18m,18,119,x,x,,,,
JS2 18m,18,119,x,x,,,,
LAK-17B FES 21m,Open,119,x,,,,,
LAK-17C FES 21m,Open,119,x,,,,,
Nimbus 4 (750 kg),Open,119,x,,,,,
Nimbus 4DM (820 kg),Open,119,x,,,,,
Nimbus 4DT (800 kg),Open,119,x,,,,,
Ventus 3E Performance 18m,18,119,x,x,,,,
Ventus 3F Sport 18m,18,119,x,x,,,,
Ventus 3M 18m,18,119,x,x,,,,
Ventus 3T Performance 18m,18,119,x,x,,,,
Arcus (all variants 850 kg),Open,118,x,,,,,
ASG32 (all variants 850 kg),Open,118,x,,,,,
ASH 25 >= 26m (750 kg),Open,118,x,,,,,
ASH 25 E >= 26m (750 kg),Open,118,x,,,,,
ASH 31 Mi 18m,18,118,x,x,,,,
ASW 22 B (750 kg),Open,118,x,,,,,
LAK-20M 26m,Open,118,x,,,,,
LAK-20T 26m,Open,118,x,,,,,
Nimbus 3 25.5m,Open,118,x,,,,,
Nimbus 3M 25.5m,Open,118,x,,,,,
Nimbus 3T 25.5m,Open,118,x,,,,,
Nimbus 4D (750 kg),Open,118,x,,,,,
Ventus 2 cxa,18,118,x,x,,,,
Ventus 2cxa 18m,18,118,x,x,,,,
Antares 18S,18,117,x,x,,,,
Antares 18T,18,117,x,x,,,,
Arcus E (800 kg),Double,117,x,,,,,x
Arcus J (800 kg),Double,117,x,,,,,x
Arcus M (800 kg),Double,117,x,,,,,x
Arcus T (800 kg),Double,117,x,,,,,x
AS 22-2,Open,117,x,,,,,
ASG 32 (800 kg),Double,117,x,,,,,x
ASG 32 EL (800 kg),Double,117,x,,,,,x
ASG 32 Mi (800 kg),Double,117,x,,,,,x
ASW 22 24m,Open,117,x,,,,,
ASW 22E 24m,Open,117,x,,,,,
DG 808C Competition 18m,18,117,x,x,,,,
DG 808S 18m,18,117,x,x,,,,
HpH 304 MS Shark,18,117,x,x,,,,
HpH 304 S Shark,18,117,x,x,,,,
HpH 304 SJ Shark,18,117,x,x,,,,
HpH 304 TS Twin Shark (850 kg),Open,117,x,,,,,
LS 10 18m,18,117,x,x,,,,
LS 10-st 18m,18,117,x,x,,,,
Nimbus 3 24.5m,Open,117,x,,,,,
Nimbus 3D 25.6m,Open,117,x,,,,,
Nimbus 3DM 25.6m,Open,117,x,,,,,
Nimbus 3DT 25.6m,Open,117,x,,,,,
Nimbus 3T 24.5m,Open,117,x,,,,,
Ventus 2cx 18m,18,117,x,x,,,,
Ventus 2cxa FES 18m,18,117,x,x,,,,
Ventus 2cxM 18m,18,117,x,x,,,,
Ventus 2cxT 18m,18,117,x,x,,,,
Arcus (750 kg),Double,116,x,,,,,x
ASH 25,Open,116,x,,,,,
ASH 25 E,Open,116,x,,,,,
ASH 25 M,Open,116,x,,,,,
ASH 26,18,116,x,x,,,,
ASH 26 E,18,116,x,x,,,,
ASW 22 22m,Open,116,x,,,,,
DG 800A/B 18m,18,116,x,x,,,,
DG 800LA 18m,18,116,x,x,,,,
DG 800S 18m,18,116,x,x,,,,
DG 808C Classic 18m,18,116,x,x,,,,
HpH 304 ES Shark,18,116,x,x,,,,
HpH 304 TS Twin Shark (800 kg),Double,116,x,,,,,x
LAK-17B 18m,18,116,x,x,,,,
LAK-17B T 18m,18,116,x,x,,,,
LAK-20M 23m,Open,116,x,,,,,
LAK-20T 23m,Open,116,x,,,,,
Nimbus 3D 24.6m,Open,116,x,,,,,
Nimbus 3DM 24.6m,Open,116,x,,,,,
Nimbus 3DT 24.6m,Open,116,x,,,,,
Ventus 2c 18m (525 kg),18,116,x,x,,,,
Ventus 2cM 18m (525 kg),18,116,x,x,,,,
Ventus 2cT 18m (525 kg),18,116,x,x,,,,
DG 600 18m,18,115,x,x,,,,
DG 600M 18m,18,115,x,x,,,,
LAK-17A 18m,18,115,x,x,,,,
LAK-17A T 18m,18,115,x,x,,,,
LAK-17B FES 18m,18,115,x,x,,,,
LAK-17C FES 18m,18,115,x,x,,,,
LS 6 18m,18,115,x,x,,,,
Nimbus 3 22.9m,Open,115,x,,,,,
SB 14,18,115,x,x,,,,
AS 34 Me 18m,18,114,x,x,,,,
ASW 28 18m,18,114,x,x,,,,
ASW 28 E 18m,18,114,x,x,,,,
Discus 2c 18m,18,114,x,x,,,,
Discus 2cT 18m,18,114,x,x,,,,
Glasflügel 604 24m,Open,114,x,,,,,
LAK-19 18m,18,114,x,x,,,,
LAK-19 T 18m,18,114,x,x,,,,
LS 5,Open,114,x,,,,,
LS 6 17.5m,18,114,x,x,,,,
LS 8 18m (575 kg),18,114,x,x,,,,
LS 8T 18m (575 kg),18,114,x,x,,,,
LS 9,18,114,x,x,,,,
SZD-56-2 Diana 2,15,114,x,x,x,,,
AS 33 15m,15,113,x,x,x,,,
AS 33 Es 15m,15,113,x,x,x,,,
AS 33 Me 15m,15,113,x,x,x,,,
Discus 2cFES 18m,18,113,x,x,,,,
Duo Discus X (750 kg),Double,113,x,,,,,x
Duo Discus XL (750 kg),Double,113,x,,,,,x
Duo Discus XLT (750 kg),Double,113,x,,,,,x
Duo Discus XT (750 kg),Double,113,x,,,,,x
JS3 15m,15,113,x,x,x,,,
JS3 RES 15m,15,113,x,x,x,,,
JS3 TJ 15m,15,113,x,x,x,,,
LS 8 18m (525 kg),18,113,x,x,,,,
LS 8e 18m,18,113,x,x,,,,
LS 8T 18m (525 kg),18,113,x,x,,,,
SB 10,Open,113,x,,,,,
SZD-56-2 Diana 2 FES,15,113,x,x,x,,,
Ventus 2a,15,113,x,x,x,,,
Ventus 2ax,15,113,x,x,x,,,
Ventus 2cxa 15m,15,113,x,x,x,,,
Ventus 3 Sport 15m,15,113,x,x,x,,,
Ventus 3E Sport 15m,15,113,x,x,x,,,
Ventus 3T Sport 15m,15,113,x,x,x,,,
Ventus c 17.6m,18,113,x,x,,,,
Ventus cM 17.6m,18,113,x,x,,,,
Ventus cT 17.6m,18,113,x,x,,,,
ASG 29 15m,15,112,x,x,x,,,
ASG 29 E 15m,15,112,x,x,x,,,
ASG 29 Es 15m,15,112,x,x,x,,,
ASG 29 RES 15m,15,112,x,x,x,,,
ASW 17,Open,112,x,,,,,
ASW 27,15,112,x,x,x,,,
ASW 27-J,15,112,x,x,x,,,
DG 1000 (790 kg),Double,112,x,,,,,x
DG 600 17m,18,112,x,x,,,,
DG 600M 17m,18,112,x,x,,,,
DuckHawk,15,112,x,x,x,,,
Duo Discus T WL (700 kg),Double,112,x,,,,,x
Duo Discus WL (700 kg),Double,112,x,,,,,x
Duo Discus X (700 kg),Double,112,x,,,,,x
Duo Discus XL FES,Double,112,x,,,,,x
Duo Discus XT (700 kg),Double,112,x,,,,,x
Glasflügel 604,Open,112,x,,,,,
LAK 12R 20m,Double,112,x,,,,,x
LS 11,Double,112,x,,,,,x
Mü 31,15,112,x,x,x,,,
Nimbus 2,Open,112,x,,,,,
Nimbus 2b,Open,112,x,,,,,
Nimbus 2c,Open,112,x,,,,,
Nimbus 2M,Open,112,x,,,,,
Stemme S12,Open,112,x,,,,,
Ventus 2b,15,112,x,x,x,,,
Ventus 2bx,15,112,x,x,x,,,
Ventus 2c 15m,15,112,x,x,x,,,
Ventus 2cM 15m,15,112,x,x,x,,,
Ventus 2cT 15m,15,112,x,x,x,,,
Ventus 3E Performance 15m,15,112,x,x,x,,,
Ventus 3F Sport 15m,15,112,x,x,x,,,
Ventus 3M 15m,15,112,x,x,x,,,
Ventus 3T Performance 15m,15,112,x,x,x,,,
Ventus a 16.6m,18,112,x,x,,,,
DG 1000e (790 kg),Double,111,x,,,,,x
DG 1000M 20m,Double,111,x,,,,,x
DG 1000M neo 20m (750 kg),Double,111,x,,,,,x
DG 1000S 20m,Double,111,x,,,,,x
DG 1000S neo 20m (750 kg),Double,111,x,,,,,x
DG 1000T 20m,Double,111,x,,,,,x
DG 1000T neo 20m (750 kg),Double,111,x,,,,,x
Duo Discus (700 kg),Double,111,x,,,,,x
Duo Discus T (700 kg),Double,111,x,,,,,x
Kestrel 22m,Open,111,x,,,,,
LAK-12,Open,111,x,,,,,
LAK-17B 15m,15,111,x,x,x,,,
LAK-17B T 15m,15,111,x,x,x,,,
SZD-42 Jantar 2,Open,111,x,,,,,
SZD-42-2 Jantar 2b,Open,111,x,,,,,
Ventus b 16.6m,18,111,x,x,,,,
Ventus bT 16.6m,18,111,x,x,,,,
ASW 20 16.6m,18,110,x,x,,,,
ASW 20-J 16.6m,18,110,x,x,,,,
DG 1000e neo 20m (750 kg),Double,110,x,,,,,x
DG 800A/B 15m,15,110,x,x,x,,,
DG 800LA 15m,15,110,x,x,x,,,
DG 800S 15m,15,110,x,x,x,,,
DG 808C 15m,15,110,x,x,x,,,
DG 808S 15m,15,110,x,x,x,,,
Discus 2a,Standard,110,x,x,x,x,,
Glasflügel 304 17m,18,110,x,x,,,,
HpH 304 CZ 17.4m,18,110,x,x,,,,
Kestrel 19m,Open,110,x,,,,,
LAK-17A 15m,15,110,x,x,x,,,
LAK-17A T 15m,15,110,x,x,x,,,
LAK-17B FES 15m,15,110,x,x,x,,,
LAK-17C FES 15m,15,110,x,x,x,,,
LS 10 15m,15,110,x,x,x,,,
LS 10-st 15m,15,110,x,x,x,,,
LS 6 neo,15,110,x,x,x,,,
LS 6 WL,15,110,x,x,x,,,
Slingsby T.59D Kestrel 19m,Open,110,x,,,,,
SZD-38 Jantar 1,Open,110,x,,,,,
SZD-56-1 Diana,15,110,x,x,x,,,
Ventus a 15m WL,15,110,x,x,x,,,
ASW 12,Open,109,x,,,,,
ASW 20  B/C WL,15,109,x,x,x,,,
ASW 20 B/C-J WL,15,109,x,x,x,,,
B13e,Open,109,x,,,,,
DG 500 22m,Open,109,x,,,,,
DG 500 M 22m,Open,109,x,,,,,
DG 500 MB 22m,Open,109,x,,,,,
DG 505 22m,Open,109,x,,,,,
DG 505 M 22m,Open,109,x,,,,,
DG 505 MB 22m,Open,109,x,,,,,
DG 600,15,109,x,x,x,,,
DG 600M,15,109,x,x,x,,,
Discus 2b,Standard,109,x,x,x,x,,
Discus 2c 15m,Standard,109,x,x,x,x,,
Discus 2cT 15m,Standard,109,x,x,x,x,,
Discus 2T,Standard,109,x,x,x,x,,
LAK-19 15m,Standard,109,x,x,x,x,,
LAK-19 T 15m,Standard,109,x,x,x,x,,
LS 6,15,109,x,x,x,,,
LS 8,Standard,109,x,x,x,x,,
LS 8 neo,Standard,109,x,x,x,x,,
LS 8T,Standard,109,x,x,x,x,,
LS 8T neo,Standard,109,x,x,x,x,,
Stemme S10,Open,109,x,,,,,
Stemme S10-VT,Open,109,x,,,,,
Ventus a 15m,15,109,x,x,x,,,
Ventus b 15m WL,15,109,x,x,x,,,
AK-8,Standard,108,x,x,x,x,,
AS 34 Me 15m,Standard,108,x,x,x,x,,
ASW 20 B/C,15,108,x,x,x,,,
ASW 20 B/C Top 16.6m,18,108,x,x,,,,
ASW 20 B/C-J,15,108,x,x,x,,,
"ASW 20,F,L WL",15,108,x,x,x,,,
"ASW 20,F,L-J WL",15,108,x,x,x,,,
ASW 28,Standard,108,x,x,x,x,,
ASW 28 E,Standard,108,x,x,x,x,,
Discus 2cFES 15m,Standard,108,x,x,x,x,,
Discus a WL,Standard,108,x,x,x,x,,
fs 32,15,108,x,x,x,,,
Glasflügel 304,15,108,x,x,x,,,
HpH 304 CZ,15,108,x,x,x,,,
LS 3 neo,15,108,x,x,x,,,
LS 3 WL,15,108,x,x,x,,,
LS 8e neo,Standard,108,x,x,x,x,,
SB 11,15,108,x,x,x,,,
Ventus b 15m,15,108,x,x,x,,,
Ventus bT 15m,15,108,x,x,x,,,
Ventus cM 15m,15,108,x,x,x,,,
Ventus cT 15m,15,108,x,x,x,,,
"ASW 20,F,L",15,107,x,x,x,,,
"ASW 20,F,L Top 16.6m",18,107,x,x,,,,
"ASW 20,F,L-J",15,107,x,x,x,,,
ASW 24 E WL,Standard,107,x,x,x,x,,
ASW 24 WL,Standard,107,x,x,x,x,,
B12,Double,107,x,,,,,x
Discus a,Standard,107,x,x,x,x,,
Discus b WL,Standard,107,x,x,x,x,,
fs 33,Double,107,x,,,,,x
Genesis,Standard,107,x,x,x,x,,
Janus C RG,Double,107,x,,,,,x
Janus CM RG,Double,107,x,,,,,x
Janus CT RG,Double,107,x,,,,,x
LS 3,15,107,x,x,x,,,
LS 3a,15,107,x,x,x,,,
LS 7 neo,Standard,107,x,x,x,x,,
LS 7 WL,Standard,107,x,x,x,x,,
Mini Nimbus,15,107,x,x,x,,,
Mosquito,15,107,x,x,x,,,
Mü 27,Open,107,x,,,,,
ASW 20 B/C Top 15m,15,106,x,x,x,,,
ASW 24,Standard,106,x,x,x,x,,
ASW 24 B,Standard,106,x,x,x,x,,
ASW 24 E,Standard,106,x,x,x,x,,
D 40,15,106,x,x,x,,,
DG 200,15,106,x,x,x,,,
DG 200 17m,18,106,x,x,,,,
DG 400,15,106,x,x,x,,,
DG 400 17m,18,106,x,x,,,,
Discus b,Standard,106,x,x,x,x,,
Discus bM WL,Standard,106,x,x,x,x,,
Discus bT WL,Standard,106,x,x,x,x,,
HpH 304C Wasp,Standard,106,x,x,x,x,,
Kestrel 17m,18,106,x,x,,,,
LS 3 17m,18,106,x,x,,,,
LS 7,Standard,106,x,x,x,x,,
Mosquito 17m,18,106,x,x,,,,
Slingsby T.59 Kestrel 17m,18,106,x,x,,,,
SZD-55-1 Nexus,Standard,106,x,x,x,x,,
"ASW 20,F,L Top 15m",15,105,x,x,x,,,
BS-1,18,105,x,x,,,,
Calif A 21,Double,105,x,,,,,x
Calif A 21 SJ,Double,105,x,,,,,x
D 36,18,105,x,x,,,,
DG 1000M 18m,Double,105,x,,,,,x
DG 1000S 18m,Double,105,x,,,,,x
DG 1000S neo 18m,Double,105,x,,,,,x
DG 1000T 18m,Double,105,x,,,,,x
DG 1000T neo 18m,Double,105,x,,,,,x
DG 300 WL,Standard,105,x,x,x,x,,
DG 300G WL,Standard,105,x,x,x,x,,
DG 303,Standard,105,x,x,x,x,,
Diamant 18,18,105,x,x,,,,
Discus bM,Standard,105,x,x,x,x,,
Discus bT,Standard,105,x,x,x,x,,
LS 4 Jet neo,Standard,105,x,x,x,x,,
LS 4 neo,Standard,105,x,x,x,x,,
LS 4 WL,Standard,105,x,x,x,x,,
AFH 24,Standard,104,x,x,x,x,,
Applebay Zuni II,15,104,x,x,x,,,
CB-15 Crystal,15,104,x,x,x,,,
DG 1000 neo 18m FG,Double,104,x,,,,,x
DG 1000e neo 18m,Double,104,x,,,,,x
DG 300,Standard,104,x,x,x,x,,
DG 500 20m,Double,104,x,,,,,x
DG 500 M 20m,Double,104,x,,,,,x
Falkon,Club,104,x,,,,x,
G 104 Speed Astir 2,15,104,x,x,x,,,
Janus C FG,Double,104,x,,,,,x
Janus CM FG,Double,104,x,,,,,x
Janus CT FG,Double,104,x,,,,,x
LS 4,Standard,104,x,x,x,x,,
PIK-20 D,15,104,x,x,x,,,
PIK-20 E,15,104,x,x,x,,,
AK-5,Club,103,x,,,,x,
DG 1000 18m FG,Double,103,x,,,,,x
DG 500 Elan Orion 20m,Double,103,x,,,,,x
DG 505 Elan Orion 20m,Double,103,x,,,,,x
LS 3 Std,Club,103,x,,,,x,
mini LAK,Club,103,x,,x,,x,
Pegase,Club,103,x,,x,x,x,
Cirrus B 18.34m,Club,102,x,,,,x,
D 43 18m,Double,102,x,,,,,x
DG 300 FG,Club,102,x,,x,x,x,
Janus 18.2m,Double,102,x,,,,,x
mini LAK-FES,Club,102,x,,x,,x,
Mü 26,18,102,x,x,,,,
PIK-20 B,15,102,x,x,x,,,
Slingsby T.65 Vega,Club,102,x,,,,x,
ASW 19 WL,Club,101,x,,x,x,x,
H-301,Club,101,x,,,,x,
Hornet WL,Club,101,x,,x,x,x,
LS 1-f neo,Club,101,x,,x,x,x,
SZD-41 Jantar Std. WL,Club,101,x,,x,x,x,
SZD-48 Jantar Std. 2 WL,Club,101,x,,x,x,x,
SZD-48-3 Jantar Std. 3 WL,Club,101,x,,x,x,x,
SZD-54-2 Perkoz 20m WL,Double,101,x,,,,,x
SZD-59 15m WL,Club,101,x,,x,x,x,
ASW 19,Club,100,x,,x,x,x,
ASW 19 B,Club,100,x,,x,x,x,
C-201B Marianne,Double,100,x,,,,,x
Cirrus,Club,100,x,,x,x,x,
Cirrus VTC 17.74m,Club,100,x,,x,x,x,
D 37,Club,100,x,,,,x,
DG 100,Club,100,x,,x,x,x,
DG 500 Elan Orion 18m,Double,100,x,,,,,x
DG 500 Elan Trainer RG,Double,100,x,,,,,x
DG 505 Elan Orion 18m,Double,100,x,,,,,x
DG 505 Elan Trainer RG,Double,100,x,,,,,x
Elfe 17m,Club,100,x,,,,x,
G 102 Std. Astir,Club,100,x,,x,x,x,
Hornet,Club,100,x,,x,x,x,
Hornet C,Club,100,x,,x,x,x,
LS 1-e,Club,100,x,,x,x,x,
LS 1-f,Club,100,x,,x,x,x,
LS 2,15,100,x,x,x,,,
Phöbus B3,Club,100,x,,,,x,
Phöbus C,Club,100,x,,,,x,
SB 12,Club,100,x,,,,x,
SB 7,Club,100,x,,,,x,
Std. Cirrus 16m,Club,100,x,,,,x,
Std. Cirrus WL,Club,100,x,,x,x,x,
Std. Libelle 17m,18,100,x,x,,,,
SZD-39 Cobra 17,18,100,x,x,,,,
SZD-41 Jantar Std.,Club,100,x,,x,x,x,
SZD-41 Jantar Std. T,Club,100,x,,x,x,x,
SZD-48 Jantar Std. 2,Club,100,x,,x,x,x,
SZD-48-3 Jantar Std. 3,Club,100,x,,x,x,x,
SZD-59 15m,Club,100,x,,x,x,x,
fs 31,Double,99,x,,,,,x
G 103 Twin 3 20m,Double,99,x,,,,,x
LS 1-d neo,Club,99,x,,x,x,x,
Std. Cirrus,Club,99,x,,x,x,x,
Std. Libelle WL,Club,99,x,,x,x,x,
Taurus,Double,99,x,,,,,x
AFH 22,Double,98,x,,,,,x
Apis 2 15m,Club,98,x,,,,x,
Apis 2 M 15m,Club,98,x,,,,x,
Apis 2 MCs 15m,Club,98,x,,,,x,
ASW 15 WL,Club,98,x,,x,x,x,
ASW 19 Club,Club,98,x,,x,x,x,
Bee,Club,98,x,,,,x,
D 38,Club,98,x,,,,x,
Delphin 1,Club,98,x,,,,x,
DG 100 Club,Club,98,x,,x,x,x,
DG 500 Elan Trainer FG,Double,98,x,,,,,x
DG 505 Elan Trainer FG,Double,98,x,,,,,x
LS 1-0,Club,98,x,,x,x,x,
LS 1-c,Club,98,x,,x,x,x,
LS 1-d,Club,98,x,,x,x,x,
Panjo V1,Club,98,x,,,,x,
Panjo V2,Club,98,x,,,,x,
Silence E 75,Double,98,x,,,,,x
Std. Libelle,Club,98,x,,x,x,x,
SZD-36 Cobra 15,Club,98,x,,,,x,
SZD-54-2 Perkoz 17.5m,Double,98,x,,,,,x
ASW 15,Club,97,x,,x,x,x,
ASW 15 B,Club,97,x,,x,x,x,
"DG 500 Elan Orion 17,2 m",Double,97,x,,,,,x
"DG 505 Elan Orion 17,2 m",Double,97,x,,,,,x
Elfe S3,Club,97,x,,,,x,
G 103 Twin 3 18m,Double,97,x,,,,,x
G 103 Twin 3 SL 20m,Double,97,x,,,,,x
Std. Cirrus Top,Club,97,x,,x,x,x,
Club Libelle,Club,96,x,,x,x,x,
E-Birdy,Club,96,x,,,,x,
Elfe S4,Club,96,x,,,,x,
G 102 Astir CS,Club,96,x,,,,x,
G 102 Astir CS 77,Club,96,x,,,,x,
H-101 Salto 15.5m,Club,96,x,,,,x,
IS 29 D,Club,96,x,,,,x,
LS 1-0 FG,Club,96,x,,,,x,
Mistral C,Club,96,x,,,,x,
Phöbus B,Club,96,x,,,,x,
SHK,Club,96,x,,,,x,
VSO-10,Club,96,x,,,,x,
G 103 Twin 3 SL 18m,Double,95,x,,,,,x
Mü 22b,Club,95,x,,,,x,
Elfe FG,Club,94,x,,,,x,
G 102 Astir CS Top,Club,94,x,,,,x,
G 103 Twin Astir RG,Double,94,x,,,,,x
Phöbus A,Club,94,x,,,,x,
Silent 2,Club,94,x,,,,x,
TST-10 Atlas,Club,94,x,,,,x,
TST-10 Atlas M,Club,94,x,,,,x,
VSO-10 C,Club,94,x,,,,x,
Apis WR,Club,93,x,,,,x,
ASK 21,Double,93,x,,,,,x
ASK 21 B,Double,93,x,,,,,x
ASK 21 Mi,Double,93,x,,,,,x
Carat,Club,93,x,,,,x,
G 102 Astir CS Jeans,Club,93,x,,,,x,
G 103 Twin 2,Double,93,x,,,,,x
G 103 Twin Astir Trainer FG,Double,93,x,,,,,x
SZD-59 Acro 13.2m,Club,93,x,,,,x,
ASK 23,Club,92,x,,,,x,
ASK 23 B,Club,92,x,,,,x,
fs 24 Phönix,Club,92,x,,,,x,
fs 25,Club,92,x,,,,x,
G 102 Club Astir,Club,92,x,,,,x,
Kiwi,Club,92,x,,,,x,
Slingsby T.51 Dart 17,18,92,x,x,,,,
Slingsby T.51 Dart 17 R,18,92,x,x,,,,
H-101 Salto,Club,91,x,,,,x,
SF 34 RG,Double,91,x,,,,,x
Std. Austria SH 1,Club,90,x,,,,x,
SZD-51 Junior,Club,90,x,,,,x,
Zugvogel IIIb,Club,90,x,,,,x,
Phoenix,Club,89,x,,,,x,
PIK-16 Vasama,Club,89,x,,,,x,
Pilatus B4 RG,Club,89,x,,,,x,
PW 5,Club,89,x,,,,x,
PW 6,Double,89,x,,,,,x
SB 5e,Club,89,x,,,,x,
SF 27 B,Club,89,x,,,,x,
SF 34 FG,Double,89,x,,,,,x
Std. Austria SH,Club,89,x,,,,x,
SZD-24 Foka 4,Club,89,x,,,,x,
SZD-32 Foka 5,Club,89,x,,,,x,
Zugvogel IIIa,Club,89,x,,,,x,
ASK 18,Club,88,x,,,,x,
Geier,Club,88,x,,,,x,
IS 28 B2,Double,88,x,,,,,x
SZD-50 Puchacz,Double,88,x,,,,,x
Greif 2,Club,87,x,,,,x,
K 10,Club,87,x,,,,x,
Ka 6 E,Club,87,x,,,,x,
M-25,Club,87,x,,,,x,
Pilatus B4 FG,Club,87,x,,,,x,
SB 5a,Club,87,x,,,,x,
SB 5b,Club,87,x,,,,x,
SB 5c,Club,87,x,,,,x,
SF 27 A,Club,87,x,,,,x,
SF 27 MA,Club,87,x,,,,x,
SF 30,Club,87,x,,,,x,
Sie-3,Club,87,x,,,,x,
Solo L 33,Club,87,x,,,,x,
Std. Austria,Club,87,x,,,,x,
SZD-30 Pirat,Club,87,x,,,,x,
VT-16 Orlic,Club,87,x,,,,x,
VT-16 Orlic 2,Club,87,x,,,,x,
Zugvogel I,Club,87,x,,,,x,
Zugvogel II,Club,87,x,,,,x,
Zugvogel IV,Club,87,x,,,,x,
Schweizer SGS 1-34,Club,86,x,,,,x,
SparrowHawk,Club,86,x,,,,x,
AC-4 Russia,Club,85,x,,,,x,
Alpin,Club,85,x,,,,x,
Alpin T,Club,85,x,,,,x,
H 30,Club,85,x,,,,x,
Schweizer SGS 2-32,Double,85,x,,,,,x
Silent AE-1,Club,85,x,,,,x,
Silent AE-1 pure,Club,85,x,,,,x,
Silent Club,Club,85,x,,,,x,
Silent Club pure,Club,85,x,,,,x,
Slingsby T.50 Skylark 4,Club,85,x,,,,x,
ASK 14,Club,84,x,,,,x,
Ka 6,Club,84,x,,,,x,
LOM 57,Club,84,x,,,,x,
LOM 57/1,Club,84,x,,,,x,
Sagitta,Club,84,x,,,,x,
SF 26,Club,84,x,,,,x,
SFS 31,Club,84,x,,,,x,
Slingsby T.51 Dart,Club,84,x,,,,x,
SZD-22-Mucha Std.,Club,84,x,,,,x,
LCF 2,Club,83,x,,,,x,
SZD-12 Mucha 100,Club,83,x,,,,x,
Weihe 50,Club,83,x,,,,x,
Bergfalke IV,Double,82,x,,,,,x
Condor 4,Double,82,x,,,,,x
Duo Banjo,Double,82,x,,,,,x
ASK 13,Double,81,x,,,,,x
Kranich 3,Double,81,x,,,,,x
L-13 BlanÃ­k,Double,81,x,,,,,x
L-Spatz,Club,81,x,,,,x,
L23 SuperBlanik,Double,81,x,,,,,x
L23 SuperBlanik 18.2m,Double,81,x,,,,,x
Lambada UFM-15,Double,81,x,,,,,x
Lunak LF 107,Club,81,x,,,,x,
Pipistrel Sinus,Double,81,x,,,,,x
RF-10,Double,81,x,,,,,x
RF-5B,Double,81,x,,,,,x
SF 28 A,Double,81,x,,,,,x
ASK 16,Double,80,x,,,,,x
Bergfalke II,Double,80,x,,,,,x
Bergfalke III,Double,80,x,,,,,x
IS 28 M,Double,80,x,,,,,x
K 7,Double,80,x,,,,,x
Ka 2,Double,80,x,,,,,x
Ka 2 b,Double,80,x,,,,,x
Kranich 2,Double,80,x,,,,,x
Lambada UFM-13,Double,80,x,,,,,x
PZL KR-03A Puchatek,Double,80,x,,,,,x
RF-5,Double,80,x,,,,,x
SF 25 E,Double,80,x,,,,,x
SZD-45 Ogar,Double,80,x,,,,,x
SZD-9 Bocian,Double,80,x,,,,,x
Slingsby T.41 Skylark 2,Club,79,x,,,,x,
Slingsby T.43 Skylark 3,Club,79,x,,,,x,
Swift S-1,Club,79,x,,,,x,
Ahrens Delphin V1,Club,78,x,,,,x,
Archaeopteryx,Club,78,x,,,,x,
Banjo,Club,78,x,,,,x,
G 109 B,Double,78,x,,,,,x
K 8,Club,78,x,,,,x,
MDM-1 Fox,Double,78,x,,,,,x
Minimoa,Club,78,x,,,,x,
Schweizer SGS 1-36 Sprite,Club,78,x,,,,x,
Lom-61 Favorit,Club,77,x,,,,x,
Slingsby T.53,Double,77,x,,,,,x
AV.36,Club,76,x,,,,x,
RF 4,Club,76,x,,,,x,
SF 36,Club,76,x,,,,x,
Spatz 13m,Club,76,x,,,,x,
Taifun 17e,Double,76,x,,,,,x
Dimona,Double,75,x,,,,,x
G 109,Double,75,x,,,,,x
H36 Dimona,Double,75,x,,,,,x
HK36 Super Dimona,Double,75,x,,,,,x
Piccolo,Club,75,x,,,,x,
Hütter H28,Club,74,x,,,,x,
Samburo AVo68-R,Double,74,x,,,,,x
SF 25 C 2000,Double,74,x,,,,,x
SF 25C-S Falke 76,Double,74,x,,,,,x
ES-56 Nymph,Club,73,x,,,,x,
SF 25B Falke,Double,73,x,,,,,x
Song,Club,73,x,,,,x,
Mü 17,Club,72,x,,,,x,
Olympia Meise,Club,72,x,,,,x,
Stratos 2e,Club,72,x,,,,x,
Schweizer SGS 1-26,Club,71,x,,,,x,
Rhönsperber,Club,70,x,,,,x,
Habicht,Club,68,x,,,,x,
Rhönbussard,Club,68,x,,,,x,
Slingsby T.34 Sky,Club,68,x,,,,x,
Slingsby T.49 Capstan,Club,68,x,,,,x,
Cumulus CU IIf,Club,63,x,,,,x,
Doppelraab,Double,63,x,,,,,x
Grunau Baby,Club,63,x,,,,x,
Ka 1,Club,63,x,,,,x,
Ka 3,Club,63,x,,,,x,
Ka 4 Rhönlerche II,Double,63,x,,,,,x
Schweizer SGS 2-33,Double,63,x,,,,,x
Slingsby T.21,Double,63,x,,,,,x
Slingsby T.30 Prefect,Club,63,x,,,,x,
Slingsby T.31 Tandem Tutor,Double,63,x,,,,,x
Specht,Double,63,x,,,,,x
